{
   "id": "67c1afdd666c7fd668eb4ab4",
   "name": "YOLOX-TINY OpenVINO FP32",
   "version": 1,
   "creation_date": "2025-02-28T12:45:17.893000+00:00",
   "model_format": "OpenVINO",
   "precision": [
      "FP32"
   ],
   "has_xai_head": false,
   "target_device": "CPU",
   "target_device_type": null,
   "performance": {
      "score": 0.909090909090909
   },
   "size": 20542266,
   "latency": 0,
   "fps_throughput": 0,
   "optimization_type": "MO",
   "optimization_objectives": {},
   "model_status": "SUCCESS",
   "configurations": [],
   "previous_revision_id": "67c1afdd666c7fd668eb4ab2",
   "previous_trained_revision_id": "67c1afdd666c7fd668eb4ab2",
   "optimization_methods": []
}